Date;Timestamp;DeviceOrientation;AccelerationX;AccelerationY;AccelerationZ;Label
2020-09-23 17:45:33;1600893933.271793;faceUp;-0.0255889892578125;0.4616851806640625;-0.8084259033203125;
2020-09-23 17:45:33;1600893933.287449;faceUp;-0.019073486328125;0.4733428955078125;-0.8512115478515625;
2020-09-23 17:45:33;1600893933.2959042;faceUp;-0.0439453125;0.480255126953125;-0.8616485595703125;
2020-09-23 17:45:33;1600893933.300031;faceUp;-0.0389862060546875;0.4853668212890625;-0.872314453125;
2020-09-23 17:45:33;1600893933.309637;faceUp;-0.0289764404296875;0.4750213623046875;-0.8180084228515625;
2020-09-23 17:45:33;1600893933.360052;faceUp;-0.037109375;0.48394775390625;-0.8658294677734375;
2020-09-23 17:45:33;1600893933.409648;faceUp;-0.031219482421875;0.4791412353515625;-0.8348388671875;
2020-09-23 17:45:33;1600893933.459928;faceUp;-0.040130615234375;0.492645263671875;-0.860015869140625;
2020-09-23 17:45:33;1600893933.510189;faceUp;-0.038970947265625;0.4926300048828125;-0.8591461181640625;
2020-09-23 17:45:33;1600893933.562869;faceUp;-0.036346435546875;0.4868316650390625;-0.836700439453125;
2020-09-23 17:45:33;1600893933.611125;faceUp;-0.0338592529296875;0.488677978515625;-0.85113525390625;
2020-09-23 17:45:33;1600893933.660516;faceUp;-0.040985107421875;0.4911041259765625;-0.8479461669921875;
2020-09-23 17:45:33;1600893933.7148352;faceUp;-0.0397796630859375;0.4920501708984375;-0.858184814453125;
2020-09-23 17:45:33;1600893933.7596369;faceUp;-0.0378265380859375;0.49090576171875;-0.8376007080078125;
2020-09-23 17:45:33;1600893933.8098369;faceUp;-0.038909912109375;0.500885009765625;-0.87506103515625;
2020-09-23 17:45:33;1600893933.860385;faceUp;-0.0355224609375;0.482666015625;-0.8132476806640625;
2020-09-23 17:45:33;1600893933.90949;faceUp;-0.03387451171875;0.493011474609375;-0.8574371337890625;
2020-09-23 17:45:33;1600893933.959873;faceUp;-0.04278564453125;0.4981536865234375;-0.8208465576171875;
2020-09-23 17:45:33;1600893934.01158;faceUp;-0.021331787109375;0.490814208984375;-0.7982177734375;
2020-09-23 17:45:33;1600893934.0605469;faceUp;-0.0047607421875;0.5004730224609375;-0.8342437744140625;
2020-09-23 17:45:33;1600893934.1099072;faceUp;-0.238433837890625;0.66796875;-1.3996429443359375;
2020-09-23 17:45:33;1600893934.1624188;faceUp;0.1531219482421875;0.685546875;-1.018310546875;
2020-09-23 17:45:33;1600893934.209904;faceUp;0.09661865234375;0.2998809814453125;0.1325531005859375;
2020-09-23 17:45:33;1600893934.259794;faceUp;-0.0355377197265625;0.0272216796875;0.7370758056640625;
2020-09-23 17:45:33;1600893934.311208;faceUp;-0.024688720703125;0.148406982421875;0.57843017578125;
2020-09-23 17:45:33;1600893934.360307;faceUp;-0.0149383544921875;0.6252899169921875;-0.81842041015625;
2020-09-23 17:45:33;1600893934.410915;faceUp;-0.0291290283203125;0.8034210205078125;-2.18707275390625;
2020-09-23 17:45:33;1600893934.460559;faceUp;0.0933074951171875;0.7261810302734375;-1.8066253662109375;
2020-09-23 17:45:33;1600893934.5108309;faceUp;-0.01007080078125;0.3016815185546875;-0.597412109375;
2020-09-23 17:45:33;1600893934.560453;faceUp;-0.0201873779296875;-0.0689239501953125;0.3125;
2020-09-23 17:45:33;1600893934.611686;faceUp;-0.0310821533203125;0.0482177734375;0.232818603515625;
2020-09-23 17:45:33;1600893934.659677;faceUp;-0.0006256103515625;0.547576904296875;-0.6862335205078125;
2020-09-23 17:45:33;1600893934.71166;faceUp;0.0054168701171875;0.7236480712890625;-2.0538177490234375;
2020-09-23 17:45:33;1600893934.7598228;faceUp;0.001068115234375;0.6578521728515625;-1.851654052734375;
2020-09-23 17:45:33;1600893934.809808;faceUp;-0.039886474609375;0.4326629638671875;-0.6800537109375;
2020-09-23 17:45:33;1600893934.859964;faceUp;0.001220703125;-0.13629150390625;-0.1527557373046875;
2020-09-23 17:45:33;1600893934.910633;faceUp;0.0877838134765625;-0.1123809814453125;-0.3247222900390625;
2020-09-23 17:45:33;1600893934.9583821;faceUp;-0.2195892333984375;0.2472076416015625;-1.1008148193359375;
2020-09-23 17:45:33;1600893935.008419;faceUp;-0.0451202392578125;0.5580902099609375;-2.1101531982421875;
2020-09-23 17:45:33;1600893935.058254;faceUp;0.10260009765625;0.6259918212890625;-2.0357513427734375;
2020-09-23 17:45:33;1600893935.110146;faceUp;0.0030670166015625;0.46881103515625;-0.693878173828125;
2020-09-23 17:45:33;1600893935.158125;faceUp;0.008392333984375;0.0495758056640625;0.1363677978515625;
2020-09-23 17:45:33;1600893935.210863;faceUp;-0.026092529296875;-0.0145263671875;0.1719818115234375;
2020-09-23 17:45:33;1600893935.2580872;faceUp;-0.1465606689453125;0.339874267578125;-0.5160980224609375;
2020-09-23 17:45:33;1600893935.316002;faceUp;0.0406951904296875;0.6413421630859375;-1.831268310546875;
2020-09-23 17:45:33;1600893935.358016;faceUp;0.0829315185546875;0.6467742919921875;-1.99835205078125;
2020-09-23 17:45:33;1600893935.408037;faceUp;-0.0247802734375;0.479339599609375;-0.79150390625;
2020-09-23 17:45:33;1600893935.457881;faceUp;-0.0241241455078125;0.0605316162109375;-0.0144500732421875;
2020-09-23 17:45:33;1600893935.509214;faceUp;-0.026824951171875;-0.026947021484375;-0.0433197021484375;
2020-09-23 17:45:33;1600893935.558222;faceUp;0.0850982666015625;0.206451416015625;-0.260986328125;
2020-09-23 17:45:33;1600893935.609593;faceUp;-0.0156097412109375;0.0097808837890625;-2.1869354248046875;
2020-09-23 17:45:33;1600893935.658201;faceUp;-0.1679840087890625;0.4761962890625;-2.6479644775390625;
2020-09-23 17:45:33;1600893935.7077641;faceUp;-0.035125732421875;0.4389801025390625;-1.438201904296875;
2020-09-23 17:45:33;1600893935.757752;faceUp;0.0679473876953125;0.0195770263671875;-0.3261871337890625;
2020-09-23 17:45:33;1600893935.811943;faceUp;-0.0040435791015625;-0.0874786376953125;-0.2617340087890625;
2020-09-23 17:45:33;1600893935.857552;faceUp;-0.042572021484375;0.2007598876953125;-1.037384033203125;
2020-09-23 17:45:33;1600893935.9180942;faceUp;-0.1072540283203125;0.590606689453125;-1.9203643798828125;
2020-09-23 17:45:33;1600893935.9574962;faceUp;-0.0087738037109375;0.6362457275390625;-2.2548675537109375;
2020-09-23 17:45:33;1600893936.007693;faceUp;0.057373046875;0.475341796875;-1.1364288330078125;
2020-09-23 17:45:33;1600893936.057558;faceUp;0.0312347412109375;0.1030120849609375;-0.0003662109375;
2020-09-23 17:45:33;1600893936.109246;faceUp;-0.0336456298828125;-0.0037384033203125;0.0712127685546875;
2020-09-23 17:45:33;1600893936.157635;faceUp;-0.1720428466796875;0.274017333984375;-0.5034637451171875;
2020-09-23 17:45:33;1600893936.208224;faceUp;-0.0282745361328125;0.578704833984375;-1.6837005615234375;
2020-09-23 17:45:33;1600893936.257244;faceUp;0.0391387939453125;0.6109466552734375;-2.0556182861328125;
2020-09-23 17:45:33;1600893936.307745;faceUp;-0.000213623046875;1.4927825927734375;-0.5153961181640625;
2020-09-23 17:45:33;1600893936.3573189;faceUp;0.023590087890625;-0.0391998291015625;-0.6814422607421875;
2020-09-23 17:45:33;1600893936.407476;faceUp;-0.0310211181640625;-0.0873870849609375;-0.3650360107421875;
2020-09-23 17:45:33;1600893936.457829;faceUp;-0.0686187744140625;0.3386993408203125;-1.0919952392578125;
2020-09-23 17:45:33;1600893936.5080662;faceUp;-0.0327606201171875;0.6276092529296875;-1.9268951416015625;
2020-09-23 17:45:33;1600893936.55696;faceUp;0.0038909912109375;0.57550048828125;-2.0429534912109375;
2020-09-23 17:45:33;1600893936.6078691;faceUp;0.010833740234375;0.3733978271484375;-1.0742645263671875;
2020-09-23 17:45:33;1600893936.657105;faceUp;-0.037322998046875;0.0771484375;-0.0502777099609375;
2020-09-23 17:45:33;1600893936.707154;faceUp;-0.04205322265625;0.0572052001953125;-0.039886474609375;
2020-09-23 17:45:33;1600893936.756777;faceUp;0.049560546875;0.331085205078125;-0.8749237060546875;
2020-09-23 17:45:33;1600893936.806899;faceUp;-0.033843994140625;0.5202178955078125;-1.6834716796875;
2020-09-23 17:45:33;1600893936.85672;faceUp;-0.0276947021484375;0.5345458984375;-1.7960357666015625;
2020-09-23 17:45:33;1600893936.907548;faceUp;0.0147247314453125;0.3199615478515625;-0.7806243896484375;
2020-09-23 17:45:33;1600893936.956791;faceUp;-0.0241851806640625;0.0322723388671875;-0.0424957275390625;
2020-09-23 17:45:33;1600893937.006969;faceUp;-0.02801513671875;0.074859619140625;-0.279022216796875;
2020-09-23 17:45:33;1600893937.0573401;faceUp;-0.1503143310546875;-0.1670684814453125;-1.589813232421875;
2020-09-23 17:45:33;1600893937.106858;faceUp;0.0274810791015625;0.0822296142578125;-2.0264129638671875;
2020-09-23 17:45:33;1600893937.156359;faceUp;-0.026031494140625;0.266265869140625;-1.55401611328125;
2020-09-23 17:45:33;1600893937.206729;faceUp;0.0138397216796875;0.2801361083984375;-0.3709259033203125;
2020-09-23 17:45:33;1600893937.256438;faceUp;0.021087646484375;0.052398681640625;0.2542724609375;
2020-09-23 17:45:33;1600893937.306499;faceUp;-0.007049560546875;0.1287994384765625;-0.1051483154296875;
2020-09-23 17:45:33;1600893937.356278;faceUp;-0.0343170166015625;0.426544189453125;-1.15057373046875;
2020-09-23 17:45:33;1600893937.40792;faceUp;-0.0592803955078125;0.530914306640625;-1.905120849609375;
2020-09-23 17:45:33;1600893937.4561129;faceUp;0.0130462646484375;0.4240875244140625;-1.434051513671875;
2020-09-23 17:45:33;1600893937.506608;faceUp;0.031463623046875;0.1550140380859375;-0.5427093505859375;
2020-09-23 17:45:33;1600893937.556242;faceUp;-0.029144287109375;0.012908935546875;-0.14141845703125;
2020-09-23 17:45:33;1600893937.6065989;faceUp;-0.073822021484375;0.186004638671875;-0.5699310302734375;
2020-09-23 17:45:33;1600893937.65674;faceUp;-0.0095062255859375;0.430999755859375;-1.5686187744140625;
2020-09-23 17:45:33;1600893937.7064419;faceUp;0.003936767578125;0.4977569580078125;-1.8399505615234375;
2020-09-23 17:45:33;1600893937.756167;faceUp;-0.005859375;0.392364501953125;-1.229949951171875;
2020-09-23 17:45:33;1600893937.806613;faceUp;-0.0176849365234375;0.1321868896484375;-0.3641815185546875;
2020-09-23 17:45:33;1600893937.8560119;faceUp;0.0659332275390625;0.120574951171875;-0.0135040283203125;
2020-09-23 17:45:33;1600893937.906098;faceUp;0.0994720458984375;-0.032958984375;-1.2940826416015625;
2020-09-23 17:45:33;1600893937.965656;faceUp;-0.0391387939453125;0.25213623046875;-2.19976806640625;
2020-09-23 17:45:33;1600893938.006108;faceUp;-0.154052734375;0.38995361328125;-2.13739013671875;
2020-09-23 17:45:33;1600893938.055676;faceUp;0.0360107421875;0.2305755615234375;-1.259124755859375;
2020-09-23 17:45:33;1600893938.10647;faceUp;0.02020263671875;-0.0088348388671875;-0.5626678466796875;
2020-09-23 17:45:33;1600893938.1556392;faceUp;0.0576934814453125;0.058349609375;-0.218658447265625;
2020-09-23 17:45:33;1600893938.205852;faceUp;-0.071136474609375;0.352630615234375;-0.967742919921875;
2020-09-23 17:45:33;1600893938.256116;faceUp;-0.121368408203125;0.45587158203125;-1.706756591796875;
2020-09-23 17:45:33;1600893938.30563;faceUp;0.05181884765625;0.393890380859375;-1.500213623046875;
2020-09-23 17:45:33;1600893938.355425;faceUp;0.069061279296875;0.27044677734375;-0.7581024169921875;
2020-09-23 17:45:33;1600893938.407404;faceUp;-0.03125;0.0941314697265625;-0.127655029296875;
2020-09-23 17:45:33;1600893938.455378;faceUp;-0.132354736328125;0.107269287109375;-0.4097137451171875;
2020-09-23 17:45:33;1600893938.505687;faceUp;0.01153564453125;0.301055908203125;-1.25946044921875;
2020-09-23 17:45:33;1600893938.556096;faceUp;0.0252532958984375;0.4549407958984375;-1.677978515625;
2020-09-23 17:45:33;1600893938.605334;faceUp;-0.020294189453125;0.449188232421875;-1.404449462890625;
2020-09-23 17:45:33;1600893938.65513;faceUp;-0.0801849365234375;0.340087890625;-0.56048583984375;
2020-09-23 17:45:33;1600893938.7053099;faceUp;0.1968536376953125;0.09246826171875;0.2509002685546875;
2020-09-23 17:45:33;1600893938.755299;faceUp;-0.2003173828125;0.069091796875;0.1344146728515625;
2020-09-23 17:45:33;1600893938.805348;faceUp;0.042633056640625;0.3863983154296875;-0.8423309326171875;
2020-09-23 17:45:33;1600893938.85528;faceUp;0.1381683349609375;0.53936767578125;-1.2620849609375;
2020-09-23 17:45:33;1600893938.905314;faceUp;-0.0413360595703125;0.3284454345703125;-0.8340301513671875;
2020-09-23 17:45:33;1600893938.955336;faceUp;0.0478057861328125;0.001953125;-0.5568389892578125;
2020-09-23 17:45:33;1600893939.0050368;faceUp;-0.0529327392578125;0.00250244140625;-0.5258026123046875;
2020-09-23 17:45:33;1600893939.0548348;faceUp;-0.12652587890625;0.289276123046875;-1.0260467529296875;
2020-09-23 17:45:33;1600893939.105078;faceUp;0.0752716064453125;0.4331512451171875;-1.588104248046875;
2020-09-23 17:45:33;1600893939.155463;faceUp;0.0839385986328125;0.323089599609375;-1.5562591552734375;
2020-09-23 17:45:33;1600893939.2048259;faceUp;-0.1104888916015625;0.211883544921875;-1.00640869140625;
2020-09-23 17:45:33;1600893939.25461;faceUp;-0.093719482421875;0.10009765625;-0.3965911865234375;
2020-09-23 17:45:33;1600893939.304833;faceUp;0.030914306640625;0.1577301025390625;-0.417266845703125;
2020-09-23 17:45:33;1600893939.354628;faceUp;0.0200958251953125;0.30078125;-1.006500244140625;
2020-09-23 17:45:33;1600893939.405029;faceUp;-0.0493927001953125;-0.056610107421875;-1.5015411376953125;
2020-09-23 17:45:33;1600893939.454705;faceUp;0.2310638427734375;0.3667755126953125;-0.9504852294921875;
2020-09-23 17:45:33;1600893939.504816;faceUp;-0.15948486328125;0.0612030029296875;-0.8849639892578125;
2020-09-23 17:45:33;1600893939.554449;faceUp;-0.1340179443359375;-0.0233306884765625;-0.8333282470703125;
2020-09-23 17:45:33;1600893939.604702;faceUp;0.14202880859375;0.0925140380859375;-0.90643310546875;
2020-09-23 17:45:33;1600893939.6545238;faceUp;-0.0172576904296875;0.3007354736328125;-1.5601806640625;
2020-09-23 17:45:33;1600893939.705122;faceUp;-0.026031494140625;0.3154449462890625;-1.656890869140625;
2020-09-23 17:45:33;1600893939.754482;faceUp;0.0269775390625;0.2626953125;-1.3595123291015625;
2020-09-23 17:45:33;1600893939.804587;faceUp;-0.0867767333984375;0.1804962158203125;-0.737091064453125;
2020-09-23 17:45:33;1600893939.854799;faceUp;-0.0098724365234375;0.121246337890625;-0.2928466796875;
2020-09-23 17:45:33;1600893939.9048839;faceUp;0.122161865234375;0.176910400390625;-0.7218017578125;
2020-09-23 17:45:33;1600893939.954037;faceUp;-0.0784454345703125;0.310882568359375;-1.2169036865234375;
2020-09-23 17:45:33;1600893940.005959;faceUp;-0.08526611328125;0.3705291748046875;-1.412994384765625;
2020-09-23 17:45:33;1600893940.053801;faceUp;0.0498504638671875;0.2853546142578125;-1.05078125;
2020-09-23 17:45:33;1600893940.103967;faceUp;0.0031890869140625;0.1387939453125;-0.522003173828125;
2020-09-23 17:45:33;1600893940.154008;faceUp;-0.0240631103515625;0.1024932861328125;-0.508392333984375;
2020-09-23 17:45:33;1600893940.204315;faceUp;-0.1058197021484375;0.5353851318359375;-0.485260009765625;
2020-09-23 17:45:33;1600893940.253838;faceUp;0.0343170166015625;0.43365478515625;-0.8590850830078125;
2020-09-23 17:45:33;1600893940.3046598;faceUp;-0.1604766845703125;0.3443603515625;-0.8651123046875;
2020-09-23 17:45:33;1600893940.353795;faceUp;0.047210693359375;0.22216796875;-0.56219482421875;
2020-09-23 17:45:33;1600893940.403971;faceUp;-0.016021728515625;0.13623046875;-0.1245574951171875;
2020-09-23 17:45:33;1600893940.454329;faceUp;-0.047943115234375;0.183349609375;-0.5112762451171875;
2020-09-23 17:45:33;1600893940.504117;faceUp;0.0719146728515625;0.2912445068359375;-1.140594482421875;
2020-09-23 17:45:33;1600893940.553586;faceUp;-0.0374755859375;0.3426513671875;-1.4921417236328125;
2020-09-23 17:45:33;1600893940.604447;faceUp;-0.1014862060546875;0.314544677734375;-1.349456787109375;
2020-09-23 17:45:33;1600893940.653548;faceUp;0.05059814453125;0.1776580810546875;-0.7808837890625;
2020-09-23 17:45:33;1600893940.703792;faceUp;0.0195159912109375;0.093505859375;-0.4915618896484375;
2020-09-23 17:45:33;1600893940.754212;faceUp;-0.0652313232421875;0.172332763671875;-0.7609710693359375;
2020-09-23 17:45:33;1600893940.804198;faceUp;-0.0099334716796875;0.2938385009765625;-1.244110107421875;
2020-09-23 17:45:33;1600893940.853384;faceUp;0.007598876953125;0.3471527099609375;-1.4225921630859375;
2020-09-23 17:45:33;1600893940.9033818;faceUp;-0.019683837890625;0.299957275390625;-1.0640411376953125;
2020-09-23 17:45:33;1600893940.95337;faceUp;-0.0835723876953125;0.0549163818359375;-0.311279296875;
2020-09-23 17:45:33;1600893941.0032969;faceUp;0.20916748046875;-0.070098876953125;-0.988800048828125;
2020-09-23 17:45:33;1600893941.053658;faceUp;-0.0929107666015625;0.10406494140625;-1.375701904296875;
2020-09-23 17:45:33;1600893941.103576;faceUp;-0.0966339111328125;0.2363739013671875;-1.596954345703125;
2020-09-23 17:45:33;1600893941.152962;faceUp;0.0434417724609375;0.2661590576171875;-1.5307769775390625;
2020-09-23 17:45:33;1600893941.20323;faceUp;-0.01983642578125;0.247406005859375;-1.052276611328125;
2020-09-23 17:45:33;1600893941.2530088;faceUp;0.0081024169921875;0.12701416015625;-0.5638275146484375;
2020-09-23 17:45:33;1600893941.303417;faceUp;0.04888916015625;0.1045684814453125;-0.6482391357421875;
2020-09-23 17:45:33;1600893941.35728;faceUp;-0.097259521484375;0.2423248291015625;-1.0184173583984375;
2020-09-23 17:45:33;1600893941.403101;faceUp;-0.0619354248046875;0.3669891357421875;-1.286224365234375;
2020-09-23 17:45:33;1600893941.452756;faceUp;0.0821990966796875;0.3108062744140625;-1.1548614501953125;
2020-09-23 17:45:33;1600893941.503288;faceUp;0.0071258544921875;0.1789398193359375;-0.716644287109375;
2020-09-23 17:45:33;1600893941.552764;faceUp;-0.1045989990234375;0.09307861328125;-0.5502777099609375;
2020-09-23 17:45:33;1600893941.603469;faceUp;-0.0032501220703125;0.161346435546875;-0.7782440185546875;
2020-09-23 17:45:33;1600893941.6561599;faceUp;0.0245513916015625;0.3018341064453125;-1.1862640380859375;
2020-09-23 17:45:33;1600893941.7027888;faceUp;-0.0198211669921875;0.3468780517578125;-1.3437347412109375;
2020-09-23 17:45:33;1600893941.7526278;faceUp;-0.1966552734375;0.1622161865234375;-0.5561981201171875;
2020-09-23 17:45:33;1600893941.80302;faceUp;0.2281494140625;0.0129852294921875;-1.2157135009765625;
2020-09-23 17:45:33;1600893941.852497;faceUp;-0.1596221923828125;-0.02716064453125;-1.2288970947265625;
2020-09-23 17:45:33;1600893941.9033542;faceUp;-0.2395782470703125;0.1193084716796875;-1.1102294921875;
2020-09-23 17:45:33;1600893941.952461;faceUp;0.12469482421875;0.3449859619140625;-1.407623291015625;
2020-09-23 17:45:33;1600893942.002657;faceUp;-0.0740509033203125;0.3668975830078125;-1.283294677734375;
2020-09-23 17:45:33;1600893942.0556169;faceUp;0.019927978515625;0.1677703857421875;-0.92279052734375;
2020-09-23 17:45:33;1600893942.1027231;faceUp;0.0573577880859375;0.09674072265625;-0.6685943603515625;
2020-09-23 17:45:33;1600893942.1522012;faceUp;-0.1593780517578125;0.1964874267578125;-0.5871124267578125;
2020-09-23 17:45:33;1600893942.203477;faceUp;-0.0077056884765625;0.2868804931640625;-0.9312744140625;
2020-09-23 17:45:33;1600893942.252136;faceUp;0.1401519775390625;0.275054931640625;-1.187255859375;
2020-09-23 17:45:33;1600893942.302413;faceUp;-0.0533905029296875;0.2495880126953125;-1.1052703857421875;
2020-09-23 17:45:33;1600893942.3527389;faceUp;-0.1341705322265625;0.205657958984375;-0.872802734375;
2020-09-23 17:45:33;1600893942.402324;faceUp;0.0311431884765625;0.1331787109375;-0.6564178466796875;
2020-09-23 17:45:33;1600893942.451863;faceUp;0.044464111328125;0.184326171875;-0.8130645751953125;
2020-09-23 17:45:33;1600893942.503094;faceUp;-0.0428924560546875;0.074737548828125;-1.1441192626953125;
2020-09-23 17:45:33;1600893942.5520391;faceUp;0.2273101806640625;0.305908203125;-1.07269287109375;
2020-09-23 17:45:33;1600893942.602028;faceUp;-0.053009033203125;0.209136962890625;-1.290557861328125;
2020-09-23 17:45:33;1600893942.651857;faceUp;-0.190948486328125;0.094970703125;-0.976531982421875;
2020-09-23 17:45:33;1600893942.702619;faceUp;-0.01446533203125;0.03466796875;-0.8511810302734375;
2020-09-23 17:45:33;1600893942.751771;faceUp;0.069366455078125;0.1649017333984375;-1.1375885009765625;
2020-09-23 17:45:33;1600893942.801914;faceUp;-0.0479278564453125;0.2843170166015625;-1.230194091796875;
2020-09-23 17:45:33;1600893942.851657;faceUp;0.0370635986328125;0.25494384765625;-1.365814208984375;
2020-09-23 17:45:33;1600893942.9018679;faceUp;-0.0430450439453125;0.1884002685546875;-1.0748291015625;
2020-09-23 17:45:33;1600893942.9520159;faceUp;-0.108734130859375;0.151336669921875;-0.66571044921875;
2020-09-23 17:45:33;1600893943.001816;faceUp;0.096435546875;0.1627655029296875;-0.6927337646484375;
2020-09-23 17:45:33;1600893943.051978;faceUp;0.0208740234375;0.2308807373046875;-0.88934326171875;
2020-09-23 17:45:33;1600893943.1040401;faceUp;-0.099700927734375;0.2801971435546875;-1.188690185546875;
2020-09-23 17:45:33;1600893943.151505;faceUp;-0.02392578125;0.245880126953125;-1.182769775390625;
2020-09-23 17:45:33;1600893943.202169;faceUp;0.0253143310546875;0.2059478759765625;-0.8620452880859375;
2020-09-23 17:45:33;1600893943.2513452;faceUp;-0.0062408447265625;0.1702880859375;-0.707855224609375;
2020-09-23 17:45:33;1600893943.301454;faceUp;-0.02020263671875;0.1666717529296875;-0.7669525146484375;
2020-09-23 17:45:33;1600893943.3512468;faceUp;-0.007171630859375;0.20745849609375;-1.0682373046875;
2020-09-23 17:45:33;1600893943.401447;faceUp;-0.047637939453125;0.2764129638671875;-1.239654541015625;
2020-09-23 17:45:33;1600893943.451198;faceUp;0.0073394775390625;0.2694549560546875;-1.0666046142578125;
2020-09-23 17:45:33;1600893943.501445;faceUp;0.020599365234375;0.1877288818359375;-0.82171630859375;
2020-09-23 17:45:33;1600893943.551245;faceUp;-0.050567626953125;0.1356658935546875;-0.684661865234375;
2020-09-23 17:45:33;1600893943.601008;faceUp;-0.023284912109375;0.1675567626953125;-0.8594207763671875;
2020-09-23 17:45:33;1600893943.6540608;faceUp;0.018768310546875;0.2653656005859375;-1.132354736328125;
2020-09-23 17:45:33;1600893943.701058;faceUp;-0.0262603759765625;0.3066253662109375;-1.1737823486328125;
2020-09-23 17:45:33;1600893943.750852;faceUp;-0.023468017578125;0.2148590087890625;-1.00762939453125;
2020-09-23 17:45:33;1600893943.801012;faceUp;0.0042877197265625;0.1354827880859375;-0.75830078125;
2020-09-23 17:45:33;1600893943.8511848;faceUp;-0.0272216796875;0.15240478515625;-0.73736572265625;
2020-09-23 17:45:33;1600893943.900835;faceUp;-0.028411865234375;0.2355804443359375;-0.9596405029296875;
2020-09-23 17:45:33;1600893943.9508228;faceUp;-0.0010528564453125;0.2712249755859375;-1.15777587890625;
2020-09-23 17:45:33;1600893944.00137;faceUp;0.0020904541015625;0.241363525390625;-1.14910888671875;
2020-09-23 17:45:33;1600893944.050674;faceUp;-0.031005859375;0.198486328125;-0.913421630859375;
2020-09-23 17:45:33;1600893944.104446;faceUp;-0.0237274169921875;0.16607666015625;-0.7335968017578125;
2020-09-23 17:45:33;1600893944.150552;faceUp;-0.011016845703125;0.17144775390625;-0.8020782470703125;
2020-09-23 17:45:33;1600893944.200715;faceUp;-0.0060272216796875;0.221405029296875;-1.03253173828125;
2020-09-23 17:45:33;1600893944.252164;faceUp;-0.0071563720703125;0.264556884765625;-1.177093505859375;
2020-09-23 17:45:33;1600893944.300568;faceUp;-0.0267181396484375;0.2520599365234375;-1.0660858154296875;
2020-09-23 17:45:33;1600893944.35042;faceUp;-0.0291290283203125;0.1857147216796875;-0.841033935546875;
2020-09-23 17:45:33;1600893944.400673;faceUp;0.00543212890625;0.1446685791015625;-0.7407684326171875;
2020-09-23 17:45:33;1600893944.45053;faceUp;-0.0031890869140625;0.1846771240234375;-0.8695068359375;
2020-09-23 17:45:33;1600893944.50053;faceUp;-0.029632568359375;0.252655029296875;-1.08917236328125;
2020-09-23 17:45:33;1600893944.550603;faceUp;-0.025665283203125;0.2676849365234375;-1.148956298828125;
2020-09-23 17:45:33;1600893944.600321;faceUp;0.0025634765625;0.22540283203125;-0.996063232421875;
2020-09-23 17:45:33;1600893944.650096;faceUp;-0.0005645751953125;0.16436767578125;-0.797210693359375;
2020-09-23 17:45:33;1600893944.7006412;faceUp;-0.0234375;0.1553955078125;-0.7720794677734375;
2020-09-23 17:45:33;1600893944.7503161;faceUp;-0.0223236083984375;0.21075439453125;-0.9487152099609375;
2020-09-23 17:45:33;1600893944.8017712;faceUp;-0.01611328125;0.261383056640625;-1.1208343505859375;
2020-09-23 17:45:33;1600893944.850181;faceUp;0.001953125;0.2491912841796875;-1.1083831787109375;
2020-09-23 17:45:33;1600893944.9001122;faceUp;-0.0124664306640625;0.1989898681640625;-0.9294891357421875;
2020-09-23 17:45:33;1600893944.950376;faceUp;-0.027374267578125;0.1604156494140625;-0.7771759033203125;
2020-09-23 17:45:33;1600893945.000386;faceUp;-0.0150604248046875;0.1792144775390625;-0.824676513671875;
2020-09-23 17:45:33;1600893945.049828;faceUp;-0.0138702392578125;0.227874755859375;-1.01422119140625;
2020-09-23 17:45:33;1600893945.100043;faceUp;-0.0052947998046875;0.249603271484375;-1.14324951171875;
2020-09-23 17:45:33;1600893945.1525478;faceUp;-0.01251220703125;0.2120819091796875;-1.0410003662109375;
2020-09-23 17:45:33;1600893945.1996331;faceUp;-0.026947021484375;0.1829376220703125;-0.8368072509765625;
2020-09-23 17:45:33;1600893945.250227;faceUp;-0.010467529296875;0.177490234375;-0.8271484375;
2020-09-23 17:45:33;1600893945.3003302;faceUp;-0.006317138671875;0.198455810546875;-0.9248046875;
2020-09-23 17:45:33;1600893945.350147;faceUp;-0.0185089111328125;0.2324981689453125;-1.0662384033203125;
2020-09-23 17:45:33;1600893945.400259;faceUp;-0.0157470703125;0.244842529296875;-1.087249755859375;
2020-09-23 17:45:33;1600893945.449806;faceUp;-0.02398681640625;0.2144622802734375;-0.9286041259765625;
2020-09-23 17:45:33;1600893945.500121;faceUp;-0.0006256103515625;0.173065185546875;-0.8306884765625;
2020-09-23 17:45:33;1600893945.5505018;faceUp;-0.0135955810546875;0.1738739013671875;-0.8437652587890625;
2020-09-23 17:45:33;1600893945.6007261;faceUp;-0.0207061767578125;0.2167510986328125;-0.9846343994140625;
2020-09-23 17:45:33;1600893945.6502051;faceUp;-0.016998291015625;0.2463836669921875;-1.0937347412109375;
2020-09-23 17:45:33;1600893945.7024632;faceUp;-0.0110931396484375;0.2311248779296875;-1.0327301025390625;
2020-09-23 17:45:33;1600893945.7503371;faceUp;-0.0074005126953125;0.190155029296875;-0.90667724609375;
2020-09-23 17:45:33;1600893945.800153;faceUp;-0.0206451416015625;0.171630859375;-0.820648193359375;
2020-09-23 17:45:33;1600893945.850564;faceUp;-0.020660400390625;0.1955413818359375;-0.8905029296875;
2020-09-23 17:45:33;1600893945.9001951;faceUp;-0.00732421875;0.228668212890625;-1.0315704345703125;
2020-09-23 17:45:33;1600893945.9501271;faceUp;-0.00830078125;0.2364349365234375;-1.0733795166015625;
2020-09-23 17:45:33;1600893946.001596;faceUp;-0.0323333740234375;0.206146240234375;-0.8228302001953125;
2020-09-23 17:45:33;1600893946.049681;faceUp;-0.0379486083984375;0.2028350830078125;-0.9271697998046875;
